document_id,title,year_version,language,source_filename,source_url,status,duplicate_near_duplicate_relation,topic_tags,workflow_tags,preferred_source_priority,chunk_count,page_count_indexed
analyse_amnistie_reconciliation_administrative,Amnistie et reconciliation nationale administrative,,fr,nistie efface le délit ainsi que la sanction.docx,,active/targeted,,fiscalite_directe,fiscalite_directe,70,4,1
appel_offres_assurance_tunisie_autoroutes_2026,Appel d offres assurance Tunisie Autoroutes 2026,2026,fr,e155fd21-5b8f-47cb-b8e9-14e1cf16939b_1772008340_51eb70b554dd29c7446b070ae1fa5167.pdf,,active/targeted,,fiscalite_directe,fiscalite_directe,70,2,2
arrete_composition_commission_experts_1993,Arrete fixant la composition de la commission regionale des experts judiciaires,1993,fr,Arrete_11_8_93_fr_compostion.pdf,,active/targeted,,fiscalite_directe,fiscalite_directe,70,5,1
arrete_delais_inscription_experts_1993,Arrete fixant les delais de presentation des demandes d inscription des experts judiciaires,1993,fr,A_11aout93fr.pdf,,active/targeted,,fiscalite_directe,fiscalite_directe,70,1,1
arrete_manuel_procedures_expert_judiciaire_2000,Arrete relatif a l approbation du manuel de procedures de l expert judiciaire,2000,fr,Arrete_03_6_2000_fr.pdf,,active/targeted,,general,general,70,4,1
article_revue_expertise_comptable_2011,Article Revue Comptable et Financiere expertise comptable 2011,2011,fr,fich_091_035.pdf,,active/targeted,,comptabilite;fiscalite_directe,comptabilite;fiscalite_directe,70,18,8
attestation_activite_agricole,Attestation de poursuite d activite agricole,,mixed,attestation.pdf,,active/targeted,,general,general,70,2,1
audit_controle_qualite_imed_ennouri,Controle de qualite des travaux d audit,,fr,ctrl-qualite-imed-ennouri.pdf,,active/targeted,,audit_cac,audit_cac,70,2,2
audit_pratique_moez_chaabeen,Partie pratique de l organisation d une mission d audit,,fr,audit-moez-chaabeen.pdf,,active/targeted,,audit_cac;fiscalite_directe,audit_cac;fiscalite_directe,70,3,3
audit_resume_acceptation_controle_qualite,Resume audit acceptation de mission et controle qualite,,fr,resume-audit-.pdf,,active/targeted,,audit_cac;fiscalite_directe,audit_cac;fiscalite_directe,70,3,3
audit_resume_chakroun_scan,Resume audit Med Chakroun,,fr,final-resume-audit-v-med-chak.pdf,,active/targeted,,audit_cac,audit_cac,70,2,2
audit_resume_gaida_normes_missions,"Resume des normes d audit, d assurance et des missions connexes",,fr,resume-m.-gaida-.pdf,,active/targeted,,audit_cac;fiscalite_directe,audit_cac;fiscalite_directe,70,3,3
audit_resume_maaloul_audit_financier,Resume audit financier Achref Maaloul,,fr,resume-m.-achref-maaloul-.pdf,,active/targeted,,audit_cac,audit_cac,70,3,3
banque_mondiale_strategie_transports_tunisie,Banque mondiale etude sur la strategie des transports Tunisie,,fr,multi-page.pdf,,active/targeted,,fiscalite_directe,fiscalite_directe,70,2,2
boi_france_tunisie_convention_fiscale_2012,BOFiP - Convention fiscale entre la France et la Tunisie 2012,2012,fr,BOI_INT_CVB_TUN_10_20120912.pdf,,active/targeted,,conventions_fiscales;fiscalite_directe,conventions_fiscales;fiscalite_directe,70,18,16
cadre_conceptuel_comptable,Cadre conceptuel de la comptabilite financiere,,fr,cadre_conceptuel.pdf,,active/targeted,,comptabilite,comptabilite,70,35,14
cahier_charges_licoba_depot_trimestriel_comptes_2026,Cahier des charges depot trimestriel des listes de comptes bancaires et postaux 2026,2026,fr,Depot-trimestriel-des-listes-de-numeros-de-Comptes-Bancaires-Et-Postaux.pdf,,active/targeted,,fiscalite_directe,fiscalite_directe,70,41,38
cassation_accident_route_baremes_2017,Cour de cassation accidents de la voie publique et baremes 9 novembre 2017,2017,fr,Tunisie7.docx,,active/targeted,,general,general,70,4,1
cassation_acte_commerce_accessoire_2019,Cour de cassation acte de commerce par accessoire 4 mars 2019,2019,fr,Tunisie1.docx,,active/targeted,,general,general,70,4,1
cassation_arbitrage_interne_2018,Cour de cassation arbitrage interne 26 avril 2018,2018,fr,Tunisie3.docx,,active/targeted,,general,general,70,9,1
cassation_chambres_reunies_terrorisme_2019,Cour de cassation chambres reunies 11 avril 2019,2019,fr,Tunisie.docx,,active/targeted,,fiscalite_directe,fiscalite_directe,70,14,1
cassation_clause_compromissoire_2017,Cour de cassation clause compromissoire et promesse de vente 6 novembre 2017,2017,fr,Tunisie8.docx,,active/targeted,,fiscalite_directe,fiscalite_directe,70,11,1
cassation_dissolution_sarl_affectio_2018,Cour de cassation dissolution SARL affectio societatis 26 mars 2018,2018,fr,Tunisie4.docx,,active/targeted,,fiscalite_directe,fiscalite_directe,70,8,1
cassation_reglement_judiciaire_cotisations_2017,Cour de cassation reglement judiciaire et cotisations 8 decembre 2017,2017,fr,Tunisie5.docx,,active/targeted,,fiscalite_directe,fiscalite_directe,70,3,1
cassation_sequestre_societe_anonyme_2018,Cour de cassation sequestre societe anonyme 29 mai 2018,2018,fr,Tunisie2.docx,,active/targeted,,general,general,70,5,1
cassation_terrorisme_participation_groupe_2017,Cour de cassation participation a un groupe terroriste 30 novembre 2017,2017,fr,Tunisie6.docx,,active/targeted,,fiscalite_directe,fiscalite_directe,70,5,1
checklist_constitution_sa_api,Checklist constitution d une societe anonyme,,fr,sa.pdf,,active/targeted,,fiscalite_directe,fiscalite_directe,70,5,2
circulaire_stagiaires_2018,Lettre circulaire stagiaires 2018,2018,mixed,lettre-circulaire-stagiaires.pdf,,active/targeted,,general,general,70,2,1
cmf_bulletin_officiel_2017_04_11,Bulletin Officiel du Conseil du Marche Financier 11 avril 2017,2017,fr,bo170411.pdf,,active/targeted,,general,general,70,10,4
cnss_a144_demande_pension,CNSS A144 - Demande de pension,,mixed,A 144.pdf,,active/targeted,,paie_social,paie_social,70,7,4
cnss_a144bis_pension_capital_deces_survivants,CNSS A144 bis - Demande de pension et de capital deces pour les survivants,,mixed,A 144 bis.pdf,,active/targeted,,fiscalite_directe;paie_social,fiscalite_directe;paie_social,70,9,4
cnss_accidents_travail_maladies_professionnelles,CNSS - Regime de reparation des accidents du travail et des maladies professionnelles,,fr,Accients de travail et maladies professionnelles.pdf,,active/targeted,,paie_social,paie_social,70,258,254
cnss_affiliation_regime_complementaire_pensions,CNSS - Demande d affiliation au regime complementaire des pensions,,mixed,DEMANDE AFFILIATION AU RCP.pdf,,active/targeted,,paie_social,paie_social,70,10,4
cnss_ao02_2020_materiel_roulant_tuneps,CNSS - Appel d offres national 02 2020 acquisition de materiel roulant,2020,fr,AO02-2020-francais.pdf,,active/targeted,,fiscalite_directe;paie_social,fiscalite_directe;paie_social,70,2,1
cnss_appels_offres_equipements_informatiques_videosurveillance_2016_2017,CNSS - Appels d offres equipements informatiques et video-surveillance 2016-2017,2016,fr,Numéro1.docx,,active/targeted,,paie_social,paie_social,70,1,1
cnss_appels_offres_informatique_2015_2017,CNSS - Appels d offres informatiques et systemes d information 2015-2017,2015,fr,Numéro.docx,,active/targeted,,paie_social,paie_social,70,1,1
cnss_appels_offres_resultats_ar_2016_2017,CNSS - Resultats d appels d offres 2016-2017 en arabe,2016,mixed,طلب العروض عدد 01.docx,,active/targeted,,paie_social,paie_social,70,4,1
cnss_appels_offres_travaux_2015_2017,CNSS - Appels d offres travaux et amenagements 2015-2017,2015,fr,lien.docx,,active/targeted,,paie_social,paie_social,70,1,1
cnss_autorisation_debit_bancaire_postal,CNSS - Autorisation de debit bancaire ou postal,,mixed,Autorisation.pdf,,active/targeted,,fiscalite_directe;paie_social,fiscalite_directe;paie_social,70,2,1
cnss_avis_01ca2017_extension_bureau_mahdia,CNSS - Appel d offres 01 CA 2017 extension du bureau regional de Mahdia,2017,fr,appel offre01-ca-2017.pdf,,active/targeted,,fiscalite_directe;paie_social,fiscalite_directe;paie_social,70,2,2
cnss_avis_03ca2018_linux_tuneps,CNSS - Avis d appel d offres 03 CA 2018 souscription et maintenance Linux,2018,fr,avisFr3-CA-2018.pdf,,active/targeted,,fiscalite_directe;paie_social,fiscalite_directe;paie_social,70,2,1
cnss_avis_09ca2017_iso22301_continuite_activites,CNSS - Appel d offres 09 CA 2017 management de la continuite des activites ISO 22301,2017,fr,appel offre 09-ca-2017.pdf,,active/targeted,,fiscalite_directe;paie_social,fiscalite_directe;paie_social,70,1,1
cnss_avis_appel_offres_climatiseurs_01ca2020,CNSS - Avis d appel d offres 01 CA 2020 acquisition de climatiseurs,2020,fr,avis d 01CA2020.pdf,,active/targeted,,fiscalite_directe;paie_social,fiscalite_directe;paie_social,70,1,1
cnss_budget_2022,CNSS - Budget 2022,2022,fr,Budget 2022.pdf,,active/targeted,,paie_social,paie_social,70,1,1
cnss_c084_majoration_salaire_unique,CNSS C084 - Engagement relatif a la majoration pour salaire unique,,fr,C084.pdf,,active/targeted,,paie_social,paie_social,70,1,1
cnss_communique_prets_universitaires_2017,CNSS - Communique sur les nouveautes des prets universitaires 2017,2017,fr,Communiqué.docx,,active/targeted,,paie_social,paie_social,70,1,1
cnss_consultation_01si2020_videosurveillance_tuneps,CNSS - Consultation 01 SI 2020 solution de video-surveillance,2020,fr,01-SI-2020-francais.pdf,,active/targeted,,paie_social,paie_social,70,1,1
cnss_conventions_bilaterales_securite_sociale_2017,CNSS - Conventions bilaterales de securite sociale approuvees en 2017,2017,fr,Convention bilatérale de sécurité sociale.docx,,active/targeted,,paie_social,paie_social,70,1,1
cnss_depenses_pensions_regime_nature_2020,CNSS - Depenses de pension par regime et par nature 2020,2020,fr,12-Fr-depenses de pension par regime et nature 2020.pdf,,active/targeted,,paie_social,paie_social,70,1,1
cnss_engagements_citoyen_reseau,CNSS - Engagements envers le citoyen et reseau des bureaux,,fr,Nos engagements envers le citoyen.docx,,active/targeted,,paie_social,paie_social,70,12,1
cnss_evolution_cotisations_2000_2020,CNSS - Evolution des cotisations 2000-2020,2000,fr,08-Fr-evolution cotisations cnss 2000-2020.pdf,,active/targeted,,fiscalite_directe;paie_social,fiscalite_directe;paie_social,70,1,1
cnss_evolution_depenses_prestations_2000_2020,CNSS - Evolution des depenses de prestations servies 2000-2020,2000,fr,09-Fr-evolution depenses des prestations 2000-2020.pdf,,active/targeted,,paie_social,paie_social,70,1,1
cnss_evolution_effectif_assures_sociaux_2000_2020,CNSS - Evolution de l effectif des assures sociaux 2000-2020,2000,fr,01-Fr-evolution effectif assures sociaux 2020.pdf,,active/targeted,,paie_social,paie_social,70,1,1
cnss_evolution_effectif_employeurs_2000_2020,CNSS - Evolution de l effectif des employeurs 2000-2020,2000,fr,06-Fr-evolution effectif employeurs 2000-2020.pdf,,active/targeted,,paie_social,paie_social,70,1,1
cnss_f1_demande_affiliation_employeur,CNSS - Demande d affiliation employeur,,mixed,F1.pdf,,active/targeted,,paie_social,paie_social,70,8,4
cnss_f52_demande_pret_universitaire,CNSS F52 - Demande de pret universitaire,,mixed,F52.pdf,,active/targeted,,paie_social,paie_social,70,6,4
cnss_f56bis_demande_pret_logement,CNSS F56 bis - Demande de pret logement,,mixed,F 56 bis.pdf,,active/targeted,,fiscalite_directe;paie_social,fiscalite_directe;paie_social,70,4,4
cnss_fiches_services_octobre_2020,CNSS - Fiches des services octobre 2020,2020,mixed,Fiches octobre 2020vweb.pdf,,active/targeted,,paie_social,paie_social,70,12,12
cnss_flyer_sms,CNSS - Flyer service SMS,,fr,Flayer SMS.pdf,,active/targeted,,paie_social,paie_social,70,1,1
cnss_fonds_garantie_effectif_2017,CNSS - Fonds de garantie effectif beneficiaires 2017,2017,fr,Fonds de garantie effectif 2017.pdf,,active/targeted,,paie_social,paie_social,70,1,1
cnss_fonds_garantie_montants_2017,CNSS - Fonds de garantie montants 2017,2017,fr,Fonds de garantie montant s 2017.pdf,,active/targeted,,paie_social,paie_social,70,1,1
cnss_fonds_garantie_pension_divorce_2015_2020,CNSS - Fonds de garantie de la pension alimentaire et de la rente de divorce 2015-2020,2015,fr,18-Fr-Fonds de garantie de la pension de divorce 2015-2020.pdf,,active/targeted,,paie_social,paie_social,70,1,1
cnss_guide_employeur_secteur_non_agricole,CNSS - Guide de l employeur dans le secteur non agricole,,fr,Guide de l'employeur dans le secteur non agricole.pdf,,active/targeted,,paie_social,paie_social,70,5,2
cnss_i16_declaration_trimestrielle_salaires,CNSS I16 - Declaration trimestrielle des salaires,,fr,I16.pdf,,active/targeted,,paie_social,paie_social,70,2,2
cnss_i27_declaration_trimestrielle_salaries_agricoles,CNSS I27 - Declaration trimestrielle des salaries du secteur agricole,,mixed,I27.pdf,,active/targeted,,paie_social,paie_social,70,1,1
cnss_i28_etat_recapitulatif_salaires_agricoles,CNSS I28 - Etat recapitulatif des salaires declares du secteur agricole,,mixed,I28.pdf,,active/targeted,,paie_social,paie_social,70,1,1
cnss_i3_etat_recapitulatif_salaires_declares,CNSS I3 - Etat recapitulatif des salaires declares,,mixed,I3.pdf,,active/targeted,,paie_social,paie_social,70,1,1
cnss_liste_comptes_bancaires_bureaux_regionaux,CNSS - Liste des comptes bancaires des bureaux regionaux et locaux,,fr,Liste des comptes bancaires des BRs.pdf,,active/targeted,,fiscalite_directe;paie_social,fiscalite_directe;paie_social,70,1,1
cnss_maisons_service_administration_proche,CNSS - Maisons de service et administration plus proche,,fr,Une administration plus proche.docx,,active/targeted,,fiscalite_directe;paie_social,fiscalite_directe;paie_social,70,2,1
cnss_n101_declaration_enfant_handicape,CNSS N101 - Declaration sur l honneur relative a un enfant handicape,,fr,N101.pdf,,active/targeted,,paie_social,paie_social,70,1,1
cnss_n102_declaration_orphelin_infirme,CNSS N102 - Declaration sur l honneur relative a un orphelin atteint d infirmite ou de maladie incurable,,fr,N102.pdf,,active/targeted,,paie_social,paie_social,70,2,1
cnss_n104_declaration_fille_orpheline,CNSS N104 - Declaration sur l honneur relative a la situation d une fille orpheline,,mixed,N 104.pdf,,active/targeted,,paie_social,paie_social,70,2,1
cnss_n124_attestation_non_assujettissement,CNSS N124 - Demande d attestation de non assujettissement,,mixed,attestation de non assujettissement .N124.pdf,,active/targeted,,fiscalite_directe;paie_social,fiscalite_directe;paie_social,70,1,1
cnss_n40_affiliation_employes_maison,CNSS N40 - Demande d affiliation des personnes occupant des employes de maison,,mixed,N40.pdf,,active/targeted,,fiscalite_directe;paie_social,fiscalite_directe;paie_social,70,2,2
cnss_n41_affiliation_organismes_publics,"CNSS N41 - Demande d affiliation Etat, collectivites locales et etablissements publics administratifs",,mixed,N41.pdf,,active/targeted,,fiscalite_directe;paie_social,fiscalite_directe;paie_social,70,2,2
cnss_n42_affiliation_petits_armateurs,CNSS N42 - Demande d affiliation des petits armateurs,,mixed,N42.pdf,,active/targeted,,paie_social,paie_social,70,4,2
cnss_n43_liste_nominative_personnel,CNSS N43 - Liste nominative du personnel,,fr,N43.pdf,,active/targeted,,fiscalite_directe;paie_social,fiscalite_directe;paie_social,70,1,1
cnss_n44_affiliation_independants,CNSS N44 - Demande d affiliation des personnes travaillant pour leur propre compte,,mixed,N44.pdf,,active/targeted,,paie_social,paie_social,70,6,2
cnss_n45_inscription_travailleur_salarie,CNSS N45 - Demande d inscription d un travailleur salarie,,mixed,N45.pdf,,active/targeted,,paie_social,paie_social,70,5,2
cnss_n54_affiliation_artistes_createurs,"CNSS N54 - Demande d affiliation au regime des artistes, createurs et intellectuels",,mixed,N54.pdf,,active/targeted,,fiscalite_directe;paie_social,fiscalite_directe;paie_social,70,4,2
cnss_n66_declaration_accident_non_professionnel,CNSS N66 - Declaration d accident non professionnel,,fr,N66.pdf,,active/targeted,,paie_social,paie_social,70,1,1
cnss_n74_attestation_contentieuse,CNSS N74 - Demande d attestation contentieuse,,mixed,Attestation contentieuse N74.pdf,,active/targeted,,paie_social,paie_social,70,1,1
cnss_n75_attestation_de_solde,CNSS N75 - Demande d attestation de solde,,mixed,Attestation de solde N75.pdf,,active/targeted,,paie_social,paie_social,70,1,1
cnss_notes_etats_financiers_2018,CNSS - Notes aux etats financiers 2018,2018,fr,etat2018.pdf,,active/targeted,,paie_social,paie_social,70,1,1
cnss_p100_inscription_ayants_droit,CNSS P100 - Demande d inscription d ayants droit,,mixed,P100.pdf,,active/targeted,,paie_social,paie_social,70,3,2
cnss_p112_immatriculation_etudiant_stagiaire_diplome,"CNSS P112 - Demande d immatriculation etudiant, stagiaire ou diplome",,mixed,P112.pdf,,active/targeted,,paie_social,paie_social,70,5,2
cnss_p212_affiliation_travailleurs_non_salaries,CNSS P212 - Demande d affiliation des travailleurs non salaries,,mixed,P212.pdf,,active/targeted,,paie_social,paie_social,70,6,2
cnss_p304_affiliation_travailleurs_tunisiens_etranger,CNSS P304 - Demande d affiliation des travailleurs tunisiens a l etranger,,mixed,P304.pdf,,active/targeted,,fiscalite_directe;paie_social,fiscalite_directe;paie_social,70,4,2
cnss_p314_fonds_garantie_pension_alimentaire,CNSS P314 - Demande d intervention du fonds de garantie de la pension alimentaire et de la rente de divorce,,mixed,P314.pdf,,active/targeted,,paie_social,paie_social,70,5,2
cnss_p314bis_engagement_fonds_garantie_pension_alimentaire,CNSS P314 bis - Engagement relatif au fonds de garantie de la pension alimentaire et de la rente de divorce,,mixed,P314bis.pdf,,active/targeted,,fiscalite_directe;paie_social,fiscalite_directe;paie_social,70,1,1
cnss_p326_prise_en_charge_indemnites_licenciement,CNSS P326 - Demande de prise en charge des indemnites de licenciement,,fr,P326.pdf,,active/targeted,,fiscalite_directe;paie_social,fiscalite_directe;paie_social,70,3,1
cnss_p57_demande_indemnite_deces,CNSS P57 - Demande d indemnite de deces,,fr,P57.pdf,,active/targeted,,paie_social,paie_social,70,2,1
cnss_p58_constat_medical_de_deces,CNSS P58 - Constat medical de deces,,mixed,P58.pdf,,active/targeted,,paie_social,paie_social,70,2,1
cnss_presentation_institutionnelle,CNSS - Presentation institutionnelle,,fr,Présentation.docx,,active/targeted,,paie_social,paie_social,70,1,1
cnss_prestations_assurances_sociales_especes_2020,CNSS - Prestations en especes des assurances sociales 2020,2020,fr,11-Fr-prestations assurances sociales especes 2020.pdf,,active/targeted,,paie_social,paie_social,70,1,1
cnss_prestations_familiales_2020,CNSS - Prestations familiales 2020,2020,fr,10-Fr-prestations familiales 2020.pdf,,active/targeted,,paie_social,paie_social,70,1,1
cnss_prets_sociaux_effectifs_montants_2000,CNSS - Prets sociaux effectifs et montants annee 2000,2000,fr,16-Fr-Prets sociaux effectifs et montants annee 2000.pdf,,active/targeted,,paie_social,paie_social,70,1,1
cnss_prets_sociaux_effectifs_montants_2020,CNSS - Prets sociaux effectifs et montants annee 2020,2020,fr,17-Fr-Prets sociaux effectifs et montants annee 2020.pdf,,active/targeted,,paie_social,paie_social,70,1,1
cnss_prets_sociaux_effectifs_nature_2000_2020,CNSS - Prets sociaux effectifs par nature 2000-2020,2000,fr,14-Fr-Prets sociaux effectifs par nature 2000-2020.pdf,,active/targeted,,paie_social,paie_social,70,1,1
cnss_prets_sociaux_montants_nature_2000_2020,CNSS - Prets sociaux montants par nature 2000-2020,2000,fr,15-Fr-Prets sociaux montants par nature 2000-2020.pdf,,active/targeted,,paie_social,paie_social,70,1,1
cnss_prets_sociaux_nombre_montants_2010_2020,CNSS - Prets sociaux nombre et montants 2010-2020,2010,fr,13-Fr-Prets sociaux nombre et montants 2010-2020.pdf,,active/targeted,,paie_social,paie_social,70,1,1
cnss_publication_financiere_2018,CNSS - Publication financiere 2018,2018,fr,publication 2018 en français.pdf,,active/targeted,,paie_social,paie_social,70,4,4
cnss_rapport_demographique_2000_2020,CNSS - Rapport demographique par regime 2000-2020,2000,fr,05-Fr-rapport demographique 2000-2020.pdf,,active/targeted,,paie_social,paie_social,70,1,1
cnss_repartition_assures_actifs_regime_2000_2020,CNSS - Repartition des assures sociaux actifs par regime 2000-2020,2000,fr,02-Fr-repartition assures sociaux actifs par regime 2000-2020.pdf,,active/targeted,,paie_social,paie_social,70,1,1
cnss_repartition_employeurs_regime_2000_2020,CNSS - Repartition des employeurs par regime 2000-2020,2000,fr,07-Fr-repartition employeurs par regime 2000-2020.pdf,,active/targeted,,paie_social,paie_social,70,1,1
cnss_repartition_titulaires_pensions_nature_2000_2020,CNSS - Repartition des titulaires de pensions par nature 2000-2020,2000,fr,04-Fr-repartition titulaires de pensions par nature 2000-2020.pdf,,active/targeted,,paie_social,paie_social,70,1,1
cnss_repartition_titulaires_pensions_regime_2000_2020,CNSS - Repartition des titulaires de pensions par regime 2000-2020,2000,fr,03-Fr-repartition titulaires de pensions par regime 2000-2020.pdf,,active/targeted,,paie_social,paie_social,70,1,1
cnss_report_ao20_2017_licences_oracle,CNSS - Report appel d offres 20 2017 acquisition de licences Oracle,2017,fr,report appel offre 20-2017.pdf,,active/targeted,,fiscalite_directe;paie_social,fiscalite_directe;paie_social,70,1,1
cnss_service_sms,CNSS - Service SMS,,fr,Le service SMS.docx,,active/targeted,,paie_social,paie_social,70,1,1
cnss_smig_smag_2020,CNSS - Montant du salaire minimum garanti SMIG et SMAG 2020,2020,fr,Montant du salaire minimum garanti.docx,,active/targeted,,paie_social,paie_social,70,1,1
cnss_sommaire_statistique_2020,CNSS - Sommaire statistique 2020,2020,fr,Sommaire 2020 Fr.pdf,,active/targeted,,fiscalite_directe;paie_social,fiscalite_directe;paie_social,70,1,1
code_commerce_2014,Code de commerce tunisien,2014,fr,CODE DE COMMERCE.pdf,,active/targeted,,fiscalite_directe,fiscalite_directe,70,223,219
code_comptabilite_publique,Code de la comptabilite publique,,fr,code_compta_fr.pdf,,active/targeted,,general,general,70,123,123
code_irpp_is_2011,Code de l IRPP et de l IS,2011,fr,11-97.pdf,,historical-only,code_irpp_is,fiscalite_directe,fiscalite_directe,40,111,110
code_irpp_is_2019,Code de l IRPP et de l IS 2019,2019,fr,code-de-limpot-sur-le-revenu-des-personnes-physiques-et-de-limpot-sur-les-societes-2019.pdf,,historical-only,code_irpp_is,fiscalite_directe,fiscalite_directe,40,120,118
code_irpp_is_2020,Code de l IRPP et de l IS 2020,2020,fr,Code-de-limpot-sur-le-Revenu-des-personnes-physiques-et-de-limpot-sur-les-societes-2020.pdf,,historical-only,code_irpp_is,fiscalite_directe,fiscalite_directe,40,123,121
code_irpp_is_2021,Code de l IRPP et de l IS 2021,2021,fr,Code-de-limpot-sur-le-revenu-des-personnes-physiques-et-de-limpot-sur-les-societes-2021.pdf,,historical-only,code_irpp_is,fiscalite_directe,fiscalite_directe,40,119,117
code_irpp_is_2022,Code de l IRPP et de l IS 2022,2022,fr,Code-de-limpot-sur-le-Revenu-des-Personnes-Physiques-et-de-limpot-sur-les-Societes-2022.pdf,,historical-only,code_irpp_is,fiscalite_directe,fiscalite_directe,40,401,399
code_irpp_is_2023,Code de l IRPP et de l IS 2023,2023,fr,Code-de-limpot-sur-le-Revenu-des-Personnes-Physiques-et-de-limpot-sur-les-Societes-2023.pdf,,historical-only,code_irpp_is,fiscalite_directe,fiscalite_directe,40,123,121
code_irpp_is_2025,Code de l IRPP et de l IS 2025,2025,fr,11.pdf,,active/default,code_irpp_is,fiscalite_directe,fiscalite_directe,100,127,125
code_obligations_contrats_2015,Code des obligations et des contrats,2015,fr,CODE COC.pdf,,active/targeted,,general,general,70,275,267
code_societes_commerciales_2022,Code des societes commerciales,2022,fr,code_societes_fr.pdf,,active/targeted,,droit_societes,droit_societes,70,269,257
convention_fiscale_france_tunisie,Convention fiscale France-Tunisie,,fr,convention_france_tunisie_impots_gouv.pdf,,active/targeted,,conventions_fiscales;fiscalite_directe,conventions_fiscales;fiscalite_directe,70,26,26
convention_fiscale_france_tunisie_texte_1973,Convention France-Tunisie tendant a eliminer les doubles impositions 1973,1973,fr,tunisie_convention-avec-la-tunisie_fd_1792.pdf,,active/targeted,,conventions_fiscales;fiscalite_directe,conventions_fiscales;fiscalite_directe,70,26,26
convention_fiscale_tunisie_afrique_sud,Convention fiscale Tunisie-Afrique du Sud impots sur le revenu,,fr,Afrique-du-sud.pdf,,active/targeted,,conventions_fiscales;fiscalite_directe,conventions_fiscales;fiscalite_directe,70,22,22
convention_fiscale_tunisie_algerie,Convention fiscale Tunisie-Algerie impots sur le revenu,,fr,Algerie.pdf,,active/targeted,,conventions_fiscales;fiscalite_directe,conventions_fiscales;fiscalite_directe,70,22,22
convention_fiscale_tunisie_allemagne,Convention fiscale Tunisie-Allemagne impots sur le revenu et sur la fortune,,fr,DBA-TUN-franz.pdf,,active/targeted,,conventions_fiscales;fiscalite_directe,conventions_fiscales;fiscalite_directe,70,49,49
convention_fiscale_tunisie_arabie_saoudite,Convention fiscale Tunisie-Arabie Saoudite impots sur le revenu,,mixed,Arabie-saoudite-langue-arabe.pdf,,active/targeted,,conventions_fiscales;fiscalite_directe,conventions_fiscales;fiscalite_directe,70,24,24
convention_fiscale_tunisie_autriche,Convention fiscale Tunisie-Autriche impots sur le revenu et sur la fortune,,fr,Autriche.pdf,,active/targeted,,conventions_fiscales;fiscalite_directe,conventions_fiscales;fiscalite_directe,70,19,19
convention_fiscale_tunisie_belgique,Convention fiscale Tunisie-Belgique impots sur le revenu et sur la fortune,,fr,belgique.pdf,,active/targeted,,conventions_fiscales;fiscalite_directe,conventions_fiscales;fiscalite_directe,70,28,28
convention_fiscale_tunisie_burkina_faso,Convention fiscale Tunisie-Burkina Faso impots sur le revenu,,fr,BURKINA-FASO-1.pdf,,active/targeted,,conventions_fiscales;fiscalite_directe,conventions_fiscales;fiscalite_directe,70,21,21
convention_fiscale_tunisie_cameroun,Convention fiscale Tunisie-Cameroun impots sur le revenu,,fr,CAMEROUN.pdf,,active/targeted,,conventions_fiscales;fiscalite_directe,conventions_fiscales;fiscalite_directe,70,23,23
convention_fiscale_tunisie_canada,Convention fiscale Tunisie-Canada impots sur le revenu et sur la fortune,,fr,Canada.pdf,,active/targeted,,conventions_fiscales;fiscalite_directe,conventions_fiscales;fiscalite_directe,70,24,22
convention_fiscale_tunisie_chine,Convention fiscale Tunisie-Chine impots sur le revenu,,fr,Chine.pdf,,active/targeted,,conventions_fiscales;fiscalite_directe,conventions_fiscales;fiscalite_directe,70,24,24
convention_fiscale_tunisie_coree_sud,Convention fiscale Tunisie-Coree du Sud impots sur le revenu,,fr,Coree_du_sud.pdf,,active/targeted,,conventions_fiscales;fiscalite_directe,conventions_fiscales;fiscalite_directe,70,20,18
convention_fiscale_tunisie_cote_ivoire,Convention fiscale Tunisie-Cote d Ivoire impots sur le revenu,,fr,Cote-dIvoire_c.pdf,,active/targeted,,conventions_fiscales;fiscalite_directe,conventions_fiscales;fiscalite_directe,70,29,29
convention_fiscale_tunisie_danemark,Convention fiscale Tunisie-Danemark impots sur le revenu et sur la fortune,,fr,Danemark.pdf,,active/targeted,,conventions_fiscales;fiscalite_directe,conventions_fiscales;fiscalite_directe,70,24,20
convention_fiscale_tunisie_egypte,Convention fiscale Tunisie-Egypte impots sur le revenu et gains en capital,,fr,Egypte.pdf,,active/targeted,,conventions_fiscales;fiscalite_directe,conventions_fiscales;fiscalite_directe,70,19,18
convention_fiscale_tunisie_emirats_arabes_unis,Convention fiscale Tunisie-Emirats Arabes Unis impots sur le revenu,,fr,emirate-des-etats-unis.pdf,,active/targeted,,conventions_fiscales;fiscalite_directe,conventions_fiscales;fiscalite_directe,70,19,19
convention_fiscale_tunisie_espagne,Convention fiscale Tunisie-Espagne impots sur le revenu et sur la fortune,,fr,Espagne.pdf,,active/targeted,,conventions_fiscales;fiscalite_directe,conventions_fiscales;fiscalite_directe,70,19,17
convention_fiscale_tunisie_etats_unis,Convention fiscale Tunisie-Etats-Unis d Amerique impots sur le revenu,,fr,Etats-unis-Amerique.pdf,,active/targeted,,conventions_fiscales;fiscalite_directe,conventions_fiscales;fiscalite_directe,70,27,27
convention_fiscale_tunisie_ethiopie,Convention fiscale Tunisie-Ethiopie impots sur le revenu,,fr,ETHIOUPIE.pdf,,active/targeted,,conventions_fiscales;fiscalite_directe,conventions_fiscales;fiscalite_directe,70,23,23
convention_fiscale_tunisie_france_local,Convention fiscale Tunisie-France version locale,,fr,France.pdf,,active/targeted,,conventions_fiscales;fiscalite_directe,conventions_fiscales;fiscalite_directe,70,27,26
convention_fiscale_tunisie_grece,Convention fiscale Tunisie-Grece impots sur le revenu et gains en capital,,fr,Grece.pdf,,active/targeted,,conventions_fiscales;fiscalite_directe,conventions_fiscales;fiscalite_directe,70,26,26
convention_fiscale_tunisie_hongrie,Convention fiscale Tunisie-Hongrie impots sur le revenu,,fr,hongrie.pdf,,active/targeted,,conventions_fiscales;fiscalite_directe,conventions_fiscales;fiscalite_directe,70,23,23
convention_fiscale_tunisie_ile_maurice,Convention fiscale Tunisie-Ile Maurice impots sur le revenu,,fr,ILE-DE-MAURICE.pdf,,active/targeted,,conventions_fiscales;fiscalite_directe,conventions_fiscales;fiscalite_directe,70,24,24
convention_fiscale_tunisie_indonesie,Convention fiscale Tunisie-Indonesie impots sur le revenu,,fr,INDONESIE.pdf,,active/targeted,,conventions_fiscales;fiscalite_directe,conventions_fiscales;fiscalite_directe,70,21,21
convention_fiscale_tunisie_iran,Convention fiscale Tunisie-Iran impots sur le revenu,,fr,IRAN.pdf,,active/targeted,,conventions_fiscales;fiscalite_directe,conventions_fiscales;fiscalite_directe,70,22,22
convention_fiscale_tunisie_italie,Convention fiscale Tunisie-Italie impots sur le revenu,,fr,Italie.pdf,,active/targeted,,conventions_fiscales;fiscalite_directe,conventions_fiscales;fiscalite_directe,70,21,19
convention_fiscale_tunisie_jordanie,Convention fiscale Tunisie-Jordanie impots sur le revenu et sur le capital,,fr,7.pdf,,active/targeted,,conventions_fiscales;fiscalite_directe,conventions_fiscales;fiscalite_directe,70,12,12
convention_fiscale_tunisie_koweit,Convention fiscale Tunisie-Koweit impots sur le revenu,,fr,KOWEIT.pdf,,active/targeted,,conventions_fiscales;fiscalite_directe,conventions_fiscales;fiscalite_directe,70,28,28
convention_fiscale_tunisie_liban,Convention fiscale Tunisie-Liban impots sur le revenu,,fr,Liban.pdf,,active/targeted,,conventions_fiscales;fiscalite_directe,conventions_fiscales;fiscalite_directe,70,22,19
convention_fiscale_tunisie_libye,Convention fiscale Tunisie-Libye impots sur le revenu,,fr,Lybie.pdf,,active/targeted,,conventions_fiscales;fiscalite_directe,conventions_fiscales;fiscalite_directe,70,10,10
convention_fiscale_tunisie_luxembourg,Convention fiscale Tunisie-Luxembourg impots sur le revenu et sur la fortune,,fr,Luxembourg.pdf,,active/targeted,,conventions_fiscales;fiscalite_directe,conventions_fiscales;fiscalite_directe,70,24,20
convention_fiscale_tunisie_mali,Convention fiscale Tunisie-Mali impots sur le revenu et assistance reciproque,,fr,MALI.pdf,,active/targeted,,conventions_fiscales;fiscalite_directe,conventions_fiscales;fiscalite_directe,70,23,23
convention_fiscale_tunisie_malte,Convention fiscale Tunisie-Malte impots sur le revenu,,fr,malte.pdf,,active/targeted,,conventions_fiscales;fiscalite_directe,conventions_fiscales;fiscalite_directe,70,25,25
convention_fiscale_tunisie_maroc,Convention fiscale Tunisie-Maroc impots sur le revenu,,fr,Maroc.pdf,,active/targeted,,conventions_fiscales;fiscalite_directe,conventions_fiscales;fiscalite_directe,70,17,17
convention_fiscale_tunisie_mauritanie,Convention fiscale Tunisie-Mauritanie impots sur les revenus et sur la fortune,,fr,Mauritanie.pdf,,active/targeted,,conventions_fiscales;fiscalite_directe,conventions_fiscales;fiscalite_directe,70,18,17
convention_fiscale_tunisie_norvege,Convention fiscale Tunisie-Norvege impots sur le revenu et sur la fortune,,fr,Norvege.pdf,,active/targeted,,conventions_fiscales;fiscalite_directe,conventions_fiscales;fiscalite_directe,70,22,19
convention_fiscale_tunisie_oman,Convention fiscale Tunisie-Oman impots sur le revenu,,fr,Oman.pdf,,active/targeted,,conventions_fiscales;fiscalite_directe,conventions_fiscales;fiscalite_directe,70,21,19
convention_fiscale_tunisie_pakistan,Convention fiscale Tunisie-Pakistan impots sur le revenu,,fr,Pakistan.pdf,,active/targeted,,conventions_fiscales;fiscalite_directe,conventions_fiscales;fiscalite_directe,70,19,18
convention_fiscale_tunisie_pays_bas,Convention fiscale Tunisie-Pays-Bas impots sur le revenu,,fr,Pays-Bas.pdf,,active/targeted,,conventions_fiscales;fiscalite_directe,conventions_fiscales;fiscalite_directe,70,25,22
convention_fiscale_tunisie_pologne,Convention fiscale Tunisie-Pologne impots sur le revenu,,fr,Pologne.pdf,,active/targeted,,conventions_fiscales;fiscalite_directe,conventions_fiscales;fiscalite_directe,70,21,19
convention_fiscale_tunisie_portugal,Convention fiscale Tunisie-Portugal impots sur le revenu,,fr,PORTUGAL.pdf,,active/targeted,,conventions_fiscales;fiscalite_directe,conventions_fiscales;fiscalite_directe,70,28,28
convention_fiscale_tunisie_qatar,Convention fiscale Tunisie-Qatar impots sur le revenu,,fr,Qatar.pdf,,active/targeted,,conventions_fiscales;fiscalite_directe,conventions_fiscales;fiscalite_directe,70,14,14
convention_fiscale_tunisie_republique_tcheque,Convention fiscale Tunisie-Republique Tcheque impots sur le revenu et sur la fortune,,fr,Republique-Tcheque.pdf,,active/targeted,,conventions_fiscales;fiscalite_directe,conventions_fiscales;fiscalite_directe,70,19,17
convention_fiscale_tunisie_roumanie,Convention fiscale Tunisie-Roumanie impots sur le revenu et sur la fortune,,fr,Roumanie.pdf,,active/targeted,,conventions_fiscales;fiscalite_directe,conventions_fiscales;fiscalite_directe,70,20,18
convention_fiscale_tunisie_royaume_uni,Convention fiscale Tunisie-Royaume-Uni impots sur le revenu et gains en capital,,fr,Bretagne.pdf,,active/targeted,,conventions_fiscales;fiscalite_directe,conventions_fiscales;fiscalite_directe,70,22,22
convention_fiscale_tunisie_senegal,Convention fiscale Tunisie-Senegal impots sur le revenu et assistance administrative,,fr,Senegal.pdf,,active/targeted,,conventions_fiscales;fiscalite_directe,conventions_fiscales;fiscalite_directe,70,19,19
convention_fiscale_tunisie_serbie,Convention fiscale Tunisie-Serbie impots sur le revenu et sur la fortune,,fr,Serbie.pdf,,active/targeted,,conventions_fiscales;fiscalite_directe,conventions_fiscales;fiscalite_directe,70,25,25
convention_fiscale_tunisie_singapour,Convention fiscale Tunisie-Singapour impots sur le revenu,,mixed,Singapore-Tunisia-Ar-signee-1.pdf,,active/targeted,,conventions_fiscales;fiscalite_directe,conventions_fiscales;fiscalite_directe,70,35,35
convention_fiscale_tunisie_soudan,Convention fiscale Tunisie-Soudan impots sur le revenu,,fr,sudan.pdf,,active/targeted,,conventions_fiscales;fiscalite_directe,conventions_fiscales;fiscalite_directe,70,21,21
convention_fiscale_tunisie_suede,Convention fiscale Tunisie-Suede impots sur le revenu et sur la fortune,,fr,Suede.pdf,,active/targeted,,conventions_fiscales;fiscalite_directe,conventions_fiscales;fiscalite_directe,70,20,19
convention_fiscale_tunisie_suisse,Convention fiscale Tunisie-Suisse impots sur le revenu,,fr,Suisse.pdf,,active/targeted,,conventions_fiscales;fiscalite_directe,conventions_fiscales;fiscalite_directe,70,18,17
convention_fiscale_tunisie_syrie,Convention fiscale Tunisie-Syrie impots sur le revenu,,fr,SYRIE.pdf,,active/targeted,,conventions_fiscales;fiscalite_directe,conventions_fiscales;fiscalite_directe,70,22,22
convention_fiscale_tunisie_tchecoslovaquie_slovaquie,Convention fiscale Tunisie-Tchecoslovaquie impots sur le revenu et sur la fortune,,fr,Slovaquie.pdf,,active/targeted,,conventions_fiscales;fiscalite_directe,conventions_fiscales;fiscalite_directe,70,19,17
convention_fiscale_tunisie_turquie,Accord fiscal Tunisie-Turquie impots sur le revenu et sur la fortune,,fr,Turquie.pdf,,active/targeted,,conventions_fiscales;fiscalite_directe,conventions_fiscales;fiscalite_directe,70,18,18
convention_fiscale_tunisie_vietnam,Convention fiscale Tunisie-Vietnam impots sur le revenu,,fr,VIETNAM-FR.pdf,,active/targeted,,conventions_fiscales;fiscalite_directe,conventions_fiscales;fiscalite_directe,70,24,23
convention_fiscale_tunisie_yemen,Convention fiscale Tunisie-Yemen impots sur le revenu,,fr,Yemen.pdf,,active/targeted,,conventions_fiscales;fiscalite_directe,conventions_fiscales;fiscalite_directe,70,16,15
convention_fiscale_union_maghreb_arabe,Convention fiscale des Etats de l Union du Maghreb Arabe,,fr,U.M.A.pdf,,active/targeted,,conventions_fiscales;fiscalite_directe,conventions_fiscales;fiscalite_directe,70,21,21
cour_cassation_guide,La Cour de cassation,,fr,La Cour de Cassation.docx,,active/targeted,,general,general,70,1,1
cours_audit_chiheb_ghanmi,Cours d audit Chiheb Ghanmi,,fr,cours-m.ghanmi-ihec-.pdf,,active/targeted,,audit_cac,audit_cac,70,3,3
cours_audit_imed_ennouri,Cours d audit financier Imed Ennouri,,fr,cours-m-imed-ennouri-combined.pdf,,active/targeted,,audit_cac,audit_cac,70,3,3
demande_attestation_inscription_2026,Demande d attestation d inscription 2026,2026,mixed,Demande-dune-attestation-dinscription-2026.pdf,,active/targeted,,general,general,70,1,1
droits_taxes_hors_codes,Droits et taxes non incorpores dans les codes fiscaux 2017,2017,fr,RECUEIL DES TEXTES RELATIFS AUX DROITS ET TAXES NON INCORPORES DANS LES CODES FISCAUX 2017.pdf,,active/targeted,,fiscalite_directe,fiscalite_directe,70,700,460
droits_taxes_hors_codes_2023,Recueil des droits et taxes non incorpores dans les codes fiscaux 2023,2023,fr,RECUEIL-DES-TEXTES-RELATIFS-AUX-DROITS-ET-TAXES-NON-INCORPORES-DANS-LES-CODES-FISCAUX-2023_compressed.pdf,,historical-only,,fiscalite_directe,fiscalite_directe,40,491,490
droits_taxes_hors_codes_2025,Recueil des droits et taxes non incorpores dans les codes fiscaux 2025,2025,fr,RECUEIL-DES-TEXTES-RELATIFS-AUX-DROITS-ET-TAXES-NON-INCORPORES-DANS-LES-CODES-FISCAUX-2025.pdf,,historical-only,,fiscalite_directe,fiscalite_directe,40,527,527
droits_taxes_hors_codes_2026,Recueil des droits et taxes non incorpores dans les codes fiscaux 2026,2026,mixed,مجموعة-النصوص-المتعلقة-بالمعاليم-غير-المدرجة-بالمجلات-الجبائية-2026.pdf,,historical-only,,fiscalite_directe,fiscalite_directe,40,511,502
enregistrement_timbre,Code des droits d enregistrement et du timbre 2026,2026,mixed,مجلة-معاليم-التسجيل-والطابع-الجبائي-2026-1.pdf,,active/default,enregistrement_timbre,enregistrement_timbre;fiscalite_directe,enregistrement_timbre;fiscalite_directe,100,16,16
enregistrement_timbre_2018,Code des droits d enregistrement et du timbre 2018,2018,fr,Code-des-Droits-dEnregistrement-et-de-Timbre-2018-.pdf,,historical-only,enregistrement_timbre,enregistrement_timbre;fiscalite_directe,enregistrement_timbre;fiscalite_directe,40,155,155
enregistrement_timbre_2020,Code des droits d enregistrement et du timbre 2020,2020,fr,Code-des-droits-denregistrement-et-de-timbre-2020.pdf,,historical-only,enregistrement_timbre,enregistrement_timbre;fiscalite_directe,enregistrement_timbre;fiscalite_directe,40,164,164
enregistrement_timbre_2022,Code des droits d enregistrement et du timbre 2022,2022,fr,CODE-DES-DROITS-DENREGISTREMENT-ET-DE-TIMBRE-2022.pdf,,historical-only,enregistrement_timbre,enregistrement_timbre;fiscalite_directe,enregistrement_timbre;fiscalite_directe,40,156,156
enregistrement_timbre_2025,Code des droits d enregistrement et du timbre 2025,2025,fr,Code-des-Droits-dEnregistrement-et-de-Timbre-2025.pdf,,historical-only,enregistrement_timbre,enregistrement_timbre;fiscalite_directe,enregistrement_timbre;fiscalite_directe,40,155,155
fiscalite_locale,Code de la fiscalite locale 2017,2017,fr,"CODE DE LA FISCALITE LOCALE, TEXTES D'APPLICATIONS ET TEXTES CONNEXES 2017 FR.pdf",,active/targeted,fiscalite_locale,fiscalite_directe;fiscalite_locale,fiscalite_directe;fiscalite_locale,70,169,101
fiscalite_locale_2018,Code de la fiscalite locale 2018,2018,fr,Code-de-la-Fiscalite-Locale-2018.pdf,,historical-only,fiscalite_locale,fiscalite_directe;fiscalite_locale,fiscalite_directe;fiscalite_locale,40,105,105
fiscalite_locale_2020,Code de la fiscalite locale 2020,2020,fr,code-de-la-fiscalite-locale-2020.pdf,,historical-only,fiscalite_locale,fiscalite_directe;fiscalite_locale,fiscalite_directe;fiscalite_locale,40,114,114
fiscalite_locale_2023,Code de la fiscalite locale 2023,2023,fr,CODE-DE-LA-FISCALITE-LOCALE-2023-1-1.pdf,,historical-only,fiscalite_locale,fiscalite_directe;fiscalite_locale,fiscalite_directe;fiscalite_locale,40,112,112
fiscalite_locale_2025,Code de la fiscalite locale 2025,2025,fr,Code_FISCALITE-LOCALE-2025.pdf,,historical-only,fiscalite_locale,fiscalite_directe;fiscalite_locale,fiscalite_directe;fiscalite_locale,40,121,121
fiscalite_locale_2026,Code de la fiscalite locale 2026,2026,fr,Code-de-la-Fiscalite-Locale-2026.pdf,,active/default,fiscalite_locale,fiscalite_directe;fiscalite_locale,fiscalite_directe;fiscalite_locale,100,126,126
formulaire_adhesion_teleliquidation_impots,Formulaire adhesion et mise a jour teleliquidation des impots,,fr,maj_dde_adh_teleliquidation.pdf,,active/targeted,,fiscalite_directe,fiscalite_directe,70,1,1
formulaire_compte_rendu_stagiaire,Formulaire de compte rendu de stagiaire CCT,2025,fr,compte-rendu-stagiaire-v2025.pdf,,active/targeted,,general,general,70,7,4
formulaire_declaration_employeur_2025,Formulaire declaration de l employeur 2025,2025,mixed,Imprime-DEC-EMPL-2025.pdf,,active/targeted,,general,general,70,32,26
formulaire_declaration_irpp_ar_2025,Formulaire arabe declaration impot sur le revenu des personnes physiques 2025,2025,mixed,التصريح-بالضريبة-على-الدخل-2025.pdf,,active/targeted,,fiscalite_directe,fiscalite_directe,70,27,12
formulaire_declaration_is_2026,Formulaire declaration impot sur les societes 2026,2026,mixed,IS_2026.pdf,,active/targeted,,droit_societes;fiscalite_directe,droit_societes;fiscalite_directe,70,21,9
formulaire_declaration_mensuelle_ar_2025,Formulaire arabe declaration mensuelle des impots 2025,2025,mixed,التصريح-الشهري-2025.pdf,,active/targeted,,general,general,70,23,12
formulaire_declaration_mensuelle_ar_2026,Formulaire arabe declaration mensuelle des impots 2026,2026,mixed,mensuelle2026.pdf,,active/targeted,,general,general,70,24,12
formulaire_impot_fortune_2026,Formulaire declaration impot sur la fortune 2026,2026,mixed,impotFortune.pdf,,active/targeted,,general,general,70,15,8
formulaire_plus_value_actions_ar_2025,Formulaire arabe declaration plus-value sur cession d actions 2025,2025,mixed,التصريح-بالقيمة-الزائدة-المتأتية-من-التفويت-في-الأسهم-2025.pdf,,active/targeted,,general,general,70,5,4
formulaire_radiation_2026,Formulaire demande de radiation 2026,2026,mixed,Formulaire-Demande-De-Radiation-2026.pdf,,active/targeted,,general,general,70,1,1
formulaire_suspension_2026,Formulaire demande de suspension 2026,2026,mixed,Formulaire-Demande-De-Suspension-2026.pdf,,active/targeted,,general,general,70,1,1
guide_agrement_etablissement_paiement_tunisie,Guide d agrement pour la creation d un etablissement de paiement en Tunisie,,fr,1700485732.pdf,,active/targeted,,fiscalite_directe,fiscalite_directe,70,8,4
guide_creation_sarl_tunisie,Guide creation SARL Tunisie,,fr,SARL Tunisie.docx,,active/targeted,,fiscalite_directe,fiscalite_directe,70,4,1
guide_fermeture_entreprise_tunisie,Guide fermeture d entreprise en Tunisie,,fr,La fermeture d.docx,,active/targeted,,fiscalite_directe,fiscalite_directe,70,2,1
guide_inscription_personnes_morales_2026,Guide inscription personnes morales et societes 2026,2026,mixed,Guide-inscription-personnes-morales-societes-2026.pdf,,active/targeted,,droit_societes,droit_societes,70,8,6
guide_inscription_personnes_physiques_2026,Guide inscription personnes physiques 2026,2026,mixed,Guide-inscription-personnes-physiques-2026.pdf,,active/targeted,,general,general,70,10,8
guide_inscription_stagiaires_2026,Guide inscription stagiaires 2026,2026,mixed,Guide-inscription-stagiaires-2026.pdf,,active/targeted,,general,general,70,12,9
ias_10_evenements_post_cloture,IAS 10 Evenements posterieurs a la date de cloture,,fr,ias-10-c3a9vc3a9nements-postc3a9rieurs-c3a0-la-date-de-clc3b4ture.pdf,,active/targeted,,comptabilite_ifrs,comptabilite_ifrs,70,11,4
ias_11_contrats_construction,IAS 11 Contrats de construction,,fr,ias-11-contrats-de-construction.pdf,,active/targeted,,comptabilite_ifrs,comptabilite_ifrs,70,18,7
ias_12_impots_resultat,IAS 12 Impots sur le resultat,,fr,ias-12-impc3b4ts-sur-le-rc3a9sultat.pdf,,active/targeted,,comptabilite_ifrs,comptabilite_ifrs,70,39,14
ias_16_immobilisations_corporelles,IAS 16 Immobilisations corporelles,,fr,ias-16-immobilisations-corporelles.pdf,,active/targeted,,comptabilite_ifrs;fiscalite_directe,comptabilite_ifrs;fiscalite_directe,70,29,10
ias_17_contrats_location,IAS 17 Contrats de location,,fr,ias-17-contrats-de-location.pdf,,active/targeted,,comptabilite_ifrs,comptabilite_ifrs,70,25,9
ias_18_produits_activites_ordinaires,IAS 18 Produits des activites ordinaires,,fr,ias-18-produits-des-activitc3a9s-ordinaires.pdf,,active/targeted,,comptabilite_ifrs,comptabilite_ifrs,70,18,6
ias_19_avantages_personnel,IAS 19 Avantages du personnel,,fr,ias-19-avantages-du-personnel.pdf,,active/targeted,,comptabilite_ifrs,comptabilite_ifrs,70,38,14
ias_1_presentation_etats_financiers,IAS 1 Presentation des etats financiers,,fr,ias-1-prc3a9sentation-des-c3a9tats-financiers.pdf,,active/targeted,,comptabilite_ifrs,comptabilite_ifrs,70,41,14
ias_20_subventions_publiques_aide_publique,IAS 20 Comptabilisation des subventions publiques et informations a fournir sur l aide publique,,fr,ias-20-comptabilisation-des-subventions-publiques-et-informations-c3a0-fournir-sur-l_aide-publique.pdf,,active/targeted,,comptabilite_ifrs;fiscalite_directe,comptabilite_ifrs;fiscalite_directe,70,14,5
ias_21_variations_cours_monnaies_etrangeres,IAS 21 Effets des variations des cours des monnaies etrangeres,,fr,ias-21-effets-des-variations-des-cours-des-monnaies-c3a9trangc3a8res.pdf,,active/targeted,,comptabilite_ifrs,comptabilite_ifrs,70,30,9
ias_23_couts_emprunt,IAS 23 Couts d emprunt,,fr,ias-23-coc3bbts-d_emprunt.pdf,,active/targeted,,comptabilite_ifrs,comptabilite_ifrs,70,8,4
ias_24_parties_liees,IAS 24 Information relative aux parties liees,,fr,ias-24-information-relative-aux-parties-lic3a9es.pdf,,active/targeted,,comptabilite_ifrs,comptabilite_ifrs,70,16,6
ias_26_regimes_retraite,IAS 26 Comptabilite et rapports financiers des regimes de retraite,,fr,ias-26-comptabilitc3a9-et-rapports-financiers-des-rc3a9gimes-de-retraite.pdf,,active/targeted,,comptabilite_ifrs,comptabilite_ifrs,70,16,6
ias_27_etats_financiers_individuels,IAS 27 Etats financiers individuels,,fr,ias-27-c3a9tats-financiers-individuels.pdf,,active/targeted,,comptabilite_ifrs,comptabilite_ifrs,70,13,5
ias_28_associees_coentreprises,IAS 28 Participations dans des entreprises associees et des coentreprises,,fr,ias-28-participations-dans-des-entreprises-associc3a9es-et-des-coentreprises.pdf,,active/targeted,,comptabilite_ifrs;fiscalite_directe,comptabilite_ifrs;fiscalite_directe,70,25,8
ias_2_stocks,IAS 2 Stocks,,fr,ias-2-stocks.pdf,,active/targeted,,comptabilite_ifrs,comptabilite_ifrs,70,17,6
ias_32_instruments_financiers_presentation,IAS 32 Instruments financiers Presentation,,fr,ias-32-instruments-financiers-prc3a9sentation.pdf,,active/targeted,,comptabilite_ifrs,comptabilite_ifrs,70,46,14
ias_33_resultat_par_action,IAS 33 Resultat par action,,fr,ias-33-rc3a9sultat-par-action.pdf,,active/targeted,,comptabilite_ifrs,comptabilite_ifrs,70,32,10
ias_34_information_financiere_intermediaire,IAS 34 Information financiere intermediaire,,fr,ias-34-information-financic3a8re-intermc3a9diaire.pdf,,active/targeted,,comptabilite_ifrs,comptabilite_ifrs,70,25,8
ias_36_depreciation_actifs,IAS 36 Depreciation d actifs,,fr,ias-36-information-financic3a8re-intermc3a9diaire.pdf,,active/targeted,,comptabilite_ifrs,comptabilite_ifrs,70,47,16
ias_37_provisions_passifs_actifs_eventuels,IAS 37 Provisions passifs eventuels et actifs eventuels,,fr,ias-37-provisions-passifs-c3a9ventuels-et-actifs-c3a9ventuels.pdf,,active/targeted,,comptabilite_ifrs;fiscalite_directe,comptabilite_ifrs;fiscalite_directe,70,13,4
ias_38_immobilisations_incorporelles,IAS 38 Immobilisations incorporelles,,fr,ias-38-immobilisations-incorporelles.pdf,,active/targeted,,comptabilite_ifrs;fiscalite_directe,comptabilite_ifrs;fiscalite_directe,70,42,14
ias_39_instruments_financiers_comptabilisation_evaluation,IAS 39 Instruments financiers Comptabilisation et evaluation,,fr,ias-39-instruments-financiers-comptbilisation-et-c3a9valuation.pdf,,active/targeted,,comptabilite_ifrs;fiscalite_directe,comptabilite_ifrs;fiscalite_directe,70,15,8
ias_40_immeubles_placement,IAS 40 Immeubles de placement,,fr,ias-40-immeubles-de-placement.pdf,,active/targeted,,comptabilite_ifrs,comptabilite_ifrs,70,3,2
ias_41_agriculture,IAS 41 Agriculture,,fr,ias-41-agriculture.pdf,,active/targeted,,comptabilite_ifrs,comptabilite_ifrs,70,9,5
ias_7_tableau_flux_tresorerie,IAS 7 Tableau des flux de tresorerie,,fr,ias-7-tableau-des-flux-de-trc3a9sorerie.pdf,,active/targeted,,comptabilite_ifrs,comptabilite_ifrs,70,23,8
ias_8_methodes_comptables_estimations_erreurs,IAS 8 Methodes comptables changements d estimations comptables et erreurs,,fr,ias-8-mc3a9thodes-comptables-changements-d_estimations-comptables-et-erreurs.pdf,,active/targeted,,comptabilite;comptabilite_ifrs,comptabilite;comptabilite_ifrs,70,22,8
ifrs_10_etats_financiers_consolides,IFRS 10 Etats financiers consolides,,fr,ifrs-10-c3a9tats-financiers-consolidc3a9s.pdf,,active/targeted,,comptabilite_ifrs,comptabilite_ifrs,70,46,18
ifrs_11_partenariats,IFRS 11 Partenariats,,fr,ifrs-11-partenariats.pdf,,active/targeted,,comptabilite_ifrs,comptabilite_ifrs,70,30,14
ifrs_12_interets_autres_entites,IFRS 12 Informations a fournir sur les interets detenus dans d autres entites,,fr,ifrs-12-informations-c3a0-fournir-sur-les-intc3a9rc3aats-dc3a9tenus-dans-d_autres-entitc3a9s.pdf,,active/targeted,,comptabilite_ifrs,comptabilite_ifrs,70,31,12
ifrs_13_juste_valeur,IFRS 13 Evaluation de la juste valeur,,fr,ifrs-13-c3a9valuation-de-la-juste-valeur.pdf,,active/targeted,,comptabilite_ifrs,comptabilite_ifrs,70,50,16
ifrs_14_comptes_report_reglementaires,IFRS 14 Comptes de report reglementaires,,fr,ifrs14.pdf,,active/targeted,,comptabilite_ifrs,comptabilite_ifrs,70,27,10
ifrs_15_produits_contrats_clients,IFRS 15 Produits des activites ordinaires tires de contrats conclus avec des clients,,fr,ifrs15.pdf,,active/targeted,,comptabilite_ifrs,comptabilite_ifrs,70,55,18
ifrs_16_contrats_location,IFRS 16 Contrats de location,,fr,ifrs16.pdf,,active/targeted,,comptabilite_ifrs,comptabilite_ifrs,70,50,18
ifrs_1_premiere_application,IFRS 1 Premiere application des normes internationales d information financiere,,fr,ifrs-1-premic3a8re-application-des-normes-internationales-d_information-financic3a8re.pdf,,active/targeted,,comptabilite_ifrs,comptabilite_ifrs,70,41,16
ifrs_2_paiement_fonde_sur_actions,IFRS 2 Paiement fonde sur des actions,,fr,ifrs-2-paiement-fondc3a9-sur-des-actions.pdf,,active/targeted,,comptabilite_ifrs,comptabilite_ifrs,70,48,16
ifrs_3_regroupements_entreprises,IFRS 3 Regroupements d entreprises,,fr,ifrs-3-regroupements-d_entreprises.pdf,,active/targeted,,comptabilite_ifrs;fiscalite_directe,comptabilite_ifrs;fiscalite_directe,70,50,18
ifrs_4_contrats_assurance,IFRS 4 Contrats d assurance,,fr,ifrs-4-contrats-d_assurance.pdf,,active/targeted,,comptabilite_ifrs,comptabilite_ifrs,70,39,14
ifrs_5_actifs_non_courants_vente,IFRS 5 Actifs non courants detenus en vue de la vente et activites abandonnees,,fr,ifrs-5-actifs-non-courants-dc3a9tenus-en-vue-de-la-vente-et-activitc3a9s-abandonnc3a9es.pdf,,active/targeted,,comptabilite_ifrs,comptabilite_ifrs,70,27,11
ifrs_6_ressources_minieres,IFRS 6 Prospection et evaluation de ressources minerales,,fr,ifrs-6-prospection-et-c3a9valuation-de-ressources-minc3a9rales.pdf,,active/targeted,,comptabilite_ifrs,comptabilite_ifrs,70,10,5
ifrs_7_instruments_financiers_informations,IFRS 7 Instruments financiers Informations a fournir,,fr,ifrs-7-instruments-financiers-informations-c3a0-fournir.pdf,,active/targeted,,comptabilite_ifrs,comptabilite_ifrs,70,48,16
ifrs_8_secteurs_operationnels,IFRS 8 Secteurs operationnels,,fr,ifrs-8-secteurs-opc3a9rationnels.pdf,,active/targeted,,comptabilite_ifrs,comptabilite_ifrs,70,22,9
ifrs_9_instruments_financiers,IFRS 9 Instruments financiers,,fr,ifrs-09.pdf,,active/targeted,,comptabilite_ifrs,comptabilite_ifrs,70,59,20
ifrs_cadre_conceptuel_information_financiere,Cadre conceptuel de l information financiere,,fr,cadre-conceptuel-de-l_information-financic3a8re.pdf,,active/targeted,,comptabilite_ifrs,comptabilite_ifrs,70,35,18
loi_avantages_fiscaux_2017_8,Loi n 2017-8 portant refonte du dispositif des avantages fiscaux,2017,fr,Loi-2017-8-portant-refonte-du-dispositif-des-avantages-fiscaux.pdf,,active/targeted,,avantages_fiscaux;fiscalite_directe,avantages_fiscaux;fiscalite_directe,70,26,14
loi_comptable,Loi comptable tunisienne 96-112,,fr,loi_comptable.pdf,,active/targeted,,comptabilite;fiscalite_directe,comptabilite;fiscalite_directe,70,8,4
loi_experts_judiciaires_1993,Loi relative aux experts judiciaires 23 juin 1993,1993,fr,L_1993_61fr.pdf,,active/targeted,,general,general,70,13,3
loi_finances_2026,Loi de finances 2026,2026,mixed,115725.pdf,,active/default,,loi_finances,loi_finances,100,19,18
loi_finances_2026_ar,Loi de finances 2026 arabe,2026,mixed,Loi2025_17Arabe.pdf,,active/default,,loi_finances,loi_finances,100,105,101
loi_investissement_2016_71,Loi n 2016-71 portant loi de l investissement,2016,fr,Loi-n°-2016-71-portant-loi-de-linvestissement.pdf,,active/targeted,,avantages_fiscaux;fiscalite_directe,avantages_fiscaux;fiscalite_directe,70,12,7
loi_modification_experts_judiciaires_2010,Loi modifiant le regime des experts judiciaires 2010,2010,fr,loi_33-2010_fr.pdf,,active/targeted,,general,general,70,6,2
nc_01_norme_generale,NC 01 Norme comptable generale,,fr,NC_01.pdf,,active/targeted,,comptabilite,comptabilite,70,155,67
nc_02_capitaux_propres,NC 02 Capitaux propres,,fr,NC_02.pdf,,active/targeted,,comptabilite,comptabilite,70,12,5
nc_03_revenus,NC 03 Revenus,,fr,NC_03.pdf,,active/targeted,,comptabilite,comptabilite,70,15,5
nc_04_stocks,NC 04 Stocks,,fr,NC_04.pdf,,active/targeted,,comptabilite,comptabilite,70,18,6
nc_05_immobilisations_corporelles,NC 05 Immobilisations corporelles,,fr,NC_05.pdf,,active/targeted,,comptabilite;fiscalite_directe,comptabilite;fiscalite_directe,70,26,8
nc_06_immobilisations_incorporelles,NC 06 Immobilisations incorporelles,,fr,NC_06.pdf,,active/targeted,,comptabilite;fiscalite_directe,comptabilite;fiscalite_directe,70,10,5
nc_07_placements,NC 07 Placements,,fr,NC_07.pdf,,active/targeted,,comptabilite,comptabilite,70,10,4
nc_08_resultat_net,NC 08 Resultat net de l'exercice et elements extraordinaires,,fr,NC_08.pdf,,active/targeted,,comptabilite,comptabilite,70,9,4
nc_09_contrats_construction,NC 09 Contrats de construction,,fr,NC_09.pdf,,active/targeted,,comptabilite,comptabilite,70,13,6
nc_10_charges_reportees,NC 10 Charges reportees,,fr,NC_10.pdf,,active/targeted,,comptabilite,comptabilite,70,14,5
nc_11_modifications_comptables,NC 11 Modifications comptables,,fr,NC_11.pdf,,active/targeted,,comptabilite,comptabilite,70,14,5
nc_12_subventions_publiques,NC 12 Subventions publiques,,fr,NC_12.pdf,,active/targeted,,comptabilite,comptabilite,70,8,4
nc_13_charges_emprunt,NC 13 Charges d'emprunt,,fr,NC_13.pdf,,active/targeted,,comptabilite,comptabilite,70,11,4
nc_14_eventualites_post_cloture,NC 14 Eventualites et evenements posterieurs a la cloture,,fr,NC_14.pdf,,active/targeted,,comptabilite,comptabilite,70,20,9
nc_15_monnaies_etrangeres,NC 15 Operations en monnaies etrangeres,,fr,NC_15.pdf,,active/targeted,,comptabilite,comptabilite,70,11,4
nc_16_opcvm_etats_financiers,NC 16 Etats financiers des OPCVM,,fr,NC_16.pdf,,active/targeted,,comptabilite,comptabilite,70,46,32
nc_17_opcvm_portefeuille_titres,NC 17 Portefeuille-titres et operations des OPCVM,,fr,NC_17.pdf,,active/targeted,,comptabilite,comptabilite,70,13,6
nc_18_opcvm_controle_interne,NC 18 Controle interne et organisation comptable des OPCVM,,fr,NC_18.pdf,,active/targeted,,comptabilite;fiscalite_directe,comptabilite;fiscalite_directe,70,48,20
nc_19_etats_financiers_intermediaires,NC 19 Etats financiers intermediaires,,fr,NC_19.pdf,,active/targeted,,comptabilite,comptabilite,70,21,13
nc_20_recherche_developpement,NC 20 Depenses de recherche et developpement,,fr,NC_20.pdf,,active/targeted,,comptabilite,comptabilite,70,16,7
nc_21_bancaire_etats_financiers,NC 21 Etats financiers des etablissements bancaires,,fr,NC_21.pdf,,active/targeted,,comptabilite;fiscalite_directe,comptabilite;fiscalite_directe,70,61,32
nc_22_bancaire_controle_interne,NC 22 Controle interne et organisation comptable des etablissements bancaires,,fr,NC_22.pdf,,active/targeted,,comptabilite;fiscalite_directe,comptabilite;fiscalite_directe,70,78,35
nc_23_bancaire_devises,NC 23 Operations en devises des etablissements bancaires,,fr,NC_23.pdf,,active/targeted,,comptabilite;fiscalite_directe,comptabilite;fiscalite_directe,70,17,6
nc_24_bancaire_engagements_revenus,NC 24 Engagements et revenus y afferents dans les etablissements bancaires,,fr,NC_24.pdf,,active/targeted,,comptabilite;fiscalite_directe,comptabilite;fiscalite_directe,70,17,6
nc_25_bancaire_portefeuille_titres,NC 25 Portefeuille-titres dans les etablissements bancaires,,fr,NC_25.pdf,,active/targeted,,comptabilite;fiscalite_directe,comptabilite;fiscalite_directe,70,20,7
nc_27_assurance_controle_interne,NC 27 Controle interne et organisation comptable des entreprises d assurance et de reassurance,,fr,NC_27.pdf,,active/targeted,,comptabilite;fiscalite_directe,comptabilite;fiscalite_directe,70,31,11
nc_28_assurance_revenus,NC 28 Revenus dans les entreprises d assurance et de reassurance,,fr,NC_28.pdf,,active/targeted,,comptabilite;fiscalite_directe,comptabilite;fiscalite_directe,70,20,7
nc_29_assurance_provisions_techniques,NC 29 Provisions techniques dans les entreprises d assurance et de reassurance,,fr,NC_29.pdf,,active/targeted,,comptabilite;fiscalite_directe,comptabilite;fiscalite_directe,70,22,8
nc_30_assurance_charges_techniques,NC 30 Charges techniques dans les entreprises d assurance et de reassurance,,fr,NC_30.pdf,,active/targeted,,comptabilite;fiscalite_directe,comptabilite;fiscalite_directe,70,22,7
nc_31_assurance_placements,NC 31 Placements dans les entreprises d assurance et de reassurance,,fr,NC_31.pdf,,active/targeted,,comptabilite;fiscalite_directe,comptabilite;fiscalite_directe,70,20,8
nc_32_microcredit_etats_financiers,NC 32 Etats financiers des associations de micro-credits,,fr,NC_32.pdf,,active/targeted,,comptabilite,comptabilite,70,36,17
nc_33_microcredit_controle_interne,NC 33 Controle interne et organisation comptable des associations de micro-credits,,fr,NC_33.pdf,,active/targeted,,comptabilite;fiscalite_directe,comptabilite;fiscalite_directe,70,66,30
nc_34_microcredit_revenus,NC 34 Micro-credits et revenus y afferents,,fr,NC_34.pdf,,active/targeted,,comptabilite,comptabilite,70,9,4
nc_35_consolidation,NC 35 Etats financiers consolides,,fr,NC_35.pdf,,active/targeted,,comptabilite,comptabilite,70,13,5
nc_36_associees,NC 36 Participations dans des entreprises associees,,fr,NC_36.pdf,,active/targeted,,comptabilite;fiscalite_directe,comptabilite;fiscalite_directe,70,14,5
nc_37_coentreprises,NC 37 Participations dans des coentreprises,,fr,NC_37.pdf,,active/targeted,,comptabilite;fiscalite_directe,comptabilite;fiscalite_directe,70,21,8
nc_38_regroupements_entreprises,NC 38 Regroupements d'entreprises,,fr,NC_38.pdf,,active/targeted,,comptabilite;fiscalite_directe,comptabilite;fiscalite_directe,70,45,15
nc_39_parties_liees,NC 39 Informations sur les parties liees,,fr,NC_39.pdf,,active/targeted,,comptabilite,comptabilite,70,11,5
nc_40_structures_sportives,NC 40 Structures sportives privees,,fr,NC_40.pdf,,active/targeted,,comptabilite,comptabilite,70,158,78
nc_41_contrats_location,NC 41 Contrats de location,,fr,NC_41.pdf,,active/targeted,,comptabilite,comptabilite,70,35,12
nc_42_comptabilite_simplifiee,NC 42 Comptabilite simplifiee,,fr,NC_42.pdf,,active/targeted,,comptabilite,comptabilite,70,24,18
nct_43_takaful_etats_financiers,NCT 43 Etats financiers des entreprises Takaful et Retakaful,,fr,NCT43.pdf,,active/targeted,,fiscalite_directe,fiscalite_directe,70,83,40
nct_44_takaful_controle_interne,NCT 44 Controle interne et organisation comptable des entreprises Takaful et Retakaful,,fr,NCT44.pdf,,active/targeted,,comptabilite;fiscalite_directe,comptabilite;fiscalite_directe,70,160,94
nct_45_osbl,"NCT 45 Associations, partis politiques et autres OSBL",,fr,NCT45.pdf,,active/targeted,,fiscalite_directe,fiscalite_directe,70,84,29
note_generale_contribution_solidarite_2026,Note generale sur la contribution sociale solidaire 2026,2026,mixed,مذكرة-عامة-عدد-1.pdf,,active/targeted,,general,general,70,7,7
note_generale_facturation_electronique_2026,Note generale sur l extension de la facturation electronique 2026,2026,mixed,مذكرة-عامة-عدد-2-لسنة-2026.pdf,,active/targeted,,general,general,70,8,8
note_generale_fiscalite_vehicules_hybrides_2026,Note generale sur l allegement fiscal des batteries lithium et vehicules hybrides rechargeables 2026,2026,mixed,مذكرة-عامة-عدد-06.pdf,,active/targeted,,fiscalite_directe,fiscalite_directe,70,11,11
note_generale_non_residents_services_administratifs_2026,Note generale sur l allegement des formalites fiscales pour les Tunisiens non residents 2026,2026,mixed,مذكرة-عامة-عدد-03-1.pdf,,active/targeted,,fiscalite_directe,fiscalite_directe,70,3,3
note_generale_regularisation_dettes_fiscales_2026,Note generale sur la regularisation des dettes fiscales 2026,2026,mixed,مذكرة-عامة-عدد-04.pdf,,active/targeted,,fiscalite_directe,fiscalite_directe,70,7,7
note_generale_taxe_environnement_2026,Note generale sur la taxe pour la protection de l environnement 2026,2026,mixed,مذكرة-عامة-عدد-05.pdf,,active/targeted,,general,general,70,16,16
note_orientation_bct_2012_02,Note d orientation sur la circulaire BCT 2012-02,2012,fr,note_d_orientation_circulaire_bct_2012_02.pdf,,active/targeted,,general,general,70,19,14
procedures_fiscales_2023,Code des droits et procedures fiscaux 2023,2023,fr,CODE-DES-DROITS-ET-PROCEDURES-FISCAUX-2023.pdf,,historical-only,procedures_fiscales,fiscalite_directe;procedure_fiscale,fiscalite_directe;procedure_fiscale,40,286,284
procedures_fiscales_2024,Code des droits et procedures fiscaux 2024,2024,fr,Code-des-droits-et-procedures-fiscaux-2024.pdf,,historical-only,procedures_fiscales,fiscalite_directe;procedure_fiscale,fiscalite_directe;procedure_fiscale,40,253,252
procedures_fiscales_2025,Code des droits et procedures fiscaux 2025,2025,fr,cdpf-2025.pdf,,historical-only,procedures_fiscales,fiscalite_directe;procedure_fiscale,fiscalite_directe;procedure_fiscale,40,299,297
procedures_fiscales_2026,Code des droits et procedures fiscaux 2026,2026,mixed,مجلة-الحقوق-والإجراءات-الجبائية-2026.pdf,,active/default,procedures_fiscales,fiscalite_directe;procedure_fiscale,fiscalite_directe;procedure_fiscale,100,121,120
prospectus_fusion_tunisie_leasing,Prospectus fusion Tunisie Leasing,,fr,Prospectus_fusion_tunisie_Leasing.pdf,,active/targeted,,fiscalite_directe,fiscalite_directe,70,6,3
prospectus_hexabyte_2011_2012,Prospectus Hexabyte introduction au marche alternatif,2011,fr,xabyt-prospectus-06-01-2012.pdf,,active/targeted,,general,general,70,10,3
protocole_convention_fiscale_tunisie_belgique,Protocole d accord a la convention fiscale Tunisie-Belgique,,fr,Protocole-daccord.pdf,,active/targeted,,conventions_fiscales;fiscalite_directe,conventions_fiscales;fiscalite_directe,70,3,3
protocole_convention_fiscale_tunisie_liban,Protocole annexe a la convention fiscale Tunisie-Liban,,fr,PROTOCOL-LIBAN.pdf,,active/targeted,,conventions_fiscales;fiscalite_directe,conventions_fiscales;fiscalite_directe,70,1,1
rapport_audit_nebras_2023,Rapport du commissaire aux comptes Nebras 2023,2023,fr,Rapport-daudit-2023.pdf,,active/targeted,,audit_cac;fiscalite_directe,audit_cac;fiscalite_directe,70,20,12
rapport_cac_act_2021,Rapport CAC ACT 2021,2021,fr,cac-rapport-act-2021.pdf,,active/targeted,,audit_cac,audit_cac,70,15,10
rapport_cac_ance_2016,Rapports de revision des comptes ANCE 2016,2016,fr,BILAN 2016.pdf,,active/targeted,,audit_cac;fiscalite_directe,audit_cac;fiscalite_directe,70,20,14
rapport_cac_bna_2018,Rapport general et special BNA 2018,2018,fr,Rapport-general-et-special-2018-2.pdf,,active/targeted,,audit_cac,audit_cac,70,32,12
rapport_cac_cefa_tunisie_2020,Rapport du commissaire aux comptes CEFA Tunisie 2020,2020,fr,RAPPORT-CAC-Cefa-Tunisie-exercice-2020.pdf,,active/targeted,,audit_cac;fiscalite_directe,audit_cac;fiscalite_directe,70,17,12
rapport_cac_innorpi_2021,Rapports du reviseur des comptes INNORPI 2021,2021,fr,INNORPI RAPPORTS CAC 2021.pdf,,active/targeted,,audit_cac;fiscalite_directe,audit_cac;fiscalite_directe,70,13,8
rapport_cac_irc_2017,Rapport d audit IRC Tunisie 2017,2017,fr,IRC - Rapport CAC 2017.pdf,,active/targeted,,audit_cac;fiscalite_directe,audit_cac;fiscalite_directe,70,16,12
rapport_cac_ote_2014,Rapport general du commissaire aux comptes OTE 2014,2014,fr,rapport_cac_ote_2014.pdf,,active/targeted,,audit_cac;fiscalite_directe,audit_cac;fiscalite_directe,70,17,10
rapport_general_cac_2017,Rapport general des commissaires aux comptes 2017,2017,fr,RAPPORT_GENERAL_DES_CAC_2017_C.pdf,,active/targeted,,audit_cac;fiscalite_directe,audit_cac;fiscalite_directe,70,14,6
rapport_moral_2023,Rapport moral 2023,2023,mixed,Rapport-moral-2023.pdf,,active/targeted,,general,general,70,46,38
rapport_moral_2024,Rapport moral 2024,2024,mixed,rapport-moral-2024.pdf,,active/targeted,,general,general,70,55,45
rapport_moral_2025,Rapport moral 2025,2025,mixed,rapport-moral-2025.pdf,,active/targeted,,general,general,70,58,45
rapport_reviseur_legal_smls_2017,Rapport reviseur legal et etats financiers 2017,2017,fr,Rapport réviseur légal_EF_2017.pdf,,active/targeted,,fiscalite_directe,fiscalite_directe,70,14,12
schema_licoba_liste_comptes_trimestrielle_2026,Schema XSD depot trimestriel listes comptes bancaires et postaux,2026,fr,ListeComptes_Trim_V1.0.xsd,,active/targeted,,fiscalite_directe,fiscalite_directe,70,4,1
strategie_habitat_tunisie_2015,Vers une nouvelle strategie de l habitat en Tunisie,2015,fr,Strategie-Habitat-Tunisie_20150427_final.pdf,,active/targeted,,fiscalite_directe,fiscalite_directe,70,5,2
textes_profession_comptable_2018,"Textes relatifs aux comptables, experts-comptables et commissaires aux comptes",2018,mixed,مجموعة-النصوص-المتعلقة-بالمحاسبين-و-بالخبراء-المحاسبين-و-بمراقبي-الحسابات.pdf,,active/targeted,,comptabilite;fiscalite_directe,comptabilite;fiscalite_directe,70,196,191
tribunaux_premiere_instance_guide,Les tribunaux de premiere instance,,fr,Les tribunaux de premières instances.docx,,active/targeted,,general,general,70,6,1
tva_droit_consommation,Code TVA et droit de consommation 2026,2026,mixed,Code-TVA-2026.pdf,,active/default,tva_droit_consommation,tva,tva,100,331,321
tva_droit_consommation_2019,Code TVA et droit de consommation 2019,2019,mixed,Code-de-la-Taxe-sur-la-Valeur-Ajoutee-2019.pdf,,historical-only,tva_droit_consommation,tva,tva,40,299,295
tva_droit_consommation_2021,Code TVA et droit de consommation 2021,2021,fr,Code-de-la-Taxe-sur-la-Valeur-Ajoutee-2021.pdf,,historical-only,tva_droit_consommation,tva,tva,40,313,310
tva_droit_consommation_2023,Code TVA et droit de consommation 2023,2023,fr,Code-de-la-taxe-sur-la-valeur-ajoutee-2023_compressed.pdf,,historical-only,tva_droit_consommation,tva,tva,40,391,389
tva_droit_consommation_2025,Code TVA et droit de consommation 2025,2025,mixed,مجلة-الأداء-على-القيمة-المضافة-2025.pdf,,historical-only,tva_droit_consommation,tva,tva,40,321,313
